Number,Title,Vibes,Image Path,Has Content,Slug
347,"347 | Postcard","war, boat, sea",/images/postcards/347.jpg,No,347-postcard
346,"346 | Postcard","boat",/images/postcards/346.jpg,No,346-postcard
345,"345 | Postcard","boat, french",/images/postcards/345.jpg,No,345-postcard
344,"344 | Postcard","french, yummy",/images/postcards/344.jpg,No,344-postcard
343,"343 | Postcard","pussy, animal, chaos",/images/postcards/343.jpg,No,343-postcard
342,"342 | Postcard","breathing, summer",/images/postcards/342.jpg,No,342-postcard
341,"341 | Postcard","antique",/images/postcards/341.jpg,No,341-postcard
340,"340 | Postcard","chaos, Paris",/images/postcards/340.jpg,No,340-postcard
339,"339 | Postcard","blurry",/images/postcards/339.jpg,No,339-postcard
338,"338 | Postcard","colorful, paysage, horizontal, sea, nature, breath-taking",/images/postcards/338.jpg,No,338-postcard
337,"337 | Postcard","stone, paysage, nature, breath-taking",/images/postcards/337.jpg,No,337-postcard
336,"336 | Postcard","jewelry, flower",/images/postcards/336.jpg,No,336-postcard
335,"335 | Postcard","jewelry, flower",/images/postcards/335..jpg,No,335-postcard
334,"334 | Postcard","jewelry, flower, black & white",/images/postcards/334..jpg,No,334-postcard
333,"333 | Postcard","animal",/images/postcards/333 update.jpg,No,333-postcard
332,"332 | Postcard","pussy, animal, nihon, chaos",/images/postcards/332.jpg,No,332-postcard
331,"331 | Postcard","paysage, vertical, nature, blurry, asian, calm",/images/postcards/331.jpg,No,331-postcard
330,"330 | Postcard","asian, nature, calm, moon",/images/postcards/330.jpg,No,330-postcard
329,"329 | Postcard","moon, black & white, nature, calm",/images/postcards/329.jpg,No,329-postcard
328,"328 | Postcard","animal, cartoonie",/images/postcards/328.jpg,No,328-postcard
327,"327 | Postcard","animal, cartoonie, pussy",/images/postcards/327.jpg,No,327-postcard
326,"326 | Postcard","animal, cartoonie, pussy",/images/postcards/326.jpg,No,326-postcard
325,"325 | Postcard","red, lovey-dovey",/images/postcards/325.jpg,No,325-postcard
324,"324 | Postcard","animal, cartoonie, pussy",/images/postcards/324.jpg,No,324-postcard
323,"323 | Postcard","animal, cartoonie",/images/postcards/323.jpg,No,323-postcard
322,"322 | Postcard","time, stream, gold",/images/postcards/322.jpg,No,322-postcard
321,"321 | Postcard","technology",/images/postcards/321.jpg,No,321-postcard
320,"320 | Postcard","la poste, sporty, Paris",/images/postcards/320.jpg,No,320-postcard
319,"319 | Postcard","la poste, sporty, Paris ",/images/postcards/319.jpg,No,319-postcard
318,"318 | Postcard","la poste, animal, stream, black & white",/images/postcards/318.jpg,No,318-postcard
317,"317 | Postcard","summer, la poste, cartoonie, yummy",/images/postcards/317.jpg,No,317-postcard
316,"316 | Postcard","colorful, la poste, nature",/images/postcards/316.jpg,No,316-postcard
315,"315 | Postcard","Paris, technology, black & white",/images/postcards/315.jpg,No,315-postcard
314,"314 | Postcard","Paris, technology, architecture",/images/postcards/314.jpg,No,314-postcard
313,"313 | Postcard","breathing, summer, calm",/images/postcards/313.jpg,No,313-postcard
312,"312 | Postcard","architecture",/images/postcards/312.jpg,No,312-postcard
311,"311 | Postcard","flower, antique",/images/postcards/311.jpg,No,311-postcard
310,"310 | Postcard","architecture",/images/postcards/310.jpg,No,310-postcard
309,"309 | Postcard","architecture, Paris",/images/postcards/309.jpg,No,309-postcard
308,"308 | Postcard","architecture, Paris",/images/postcards/308.jpg,No,308-postcard
307,"307 | Postcard","architecture, Paris",/images/postcards/307.jpg,No,307-postcard
306,"306 | Postcard","feminine",/images/postcards/306.jpg,No,306-postcard
305,"305 | Postcard","antique",/images/postcards/305.jpg,No,305-postcard
304,"304 | Postcard","dreamy, hand-drawing",/images/postcards/304.jpg,No,304-postcard
303,"303 | Postcard","animal, nature, calm",/images/postcards/303.jpg,No,303-postcard
302,"302 | Postcard","animal, pussy",/images/postcards/302.jpg,No,302-postcard
301,"301 | Postcard","animal, pussy",/images/postcards/301.jpg,No,301-postcard
300,"300 | Postcard","calm, feminine",/images/postcards/300.jpg,No,300-postcard
299,"299 | Postcard","animal, pussy, nihon, red",/images/postcards/299.jpg,No,299-postcard
298,"298 | Postcard","fun",/images/postcards/298.jpg,No,298-postcard
296,"296 | Postcard","colorful",/images/postcards/296.jpg,No,296-postcard
295,"295 | Postcard","fun",/images/postcards/295.jpg,No,295-postcard
294,"294 | Postcard","colorful",/images/postcards/294.jpg,No,294-postcard
293,"293 | Postcard","colorful",/images/postcards/293.jpg,No,293-postcard
292,"292 | Postcard","fun",/images/postcards/292.jpg,No,292-postcard
291,"291 | Postcard","colorful",/images/postcards/291.jpg,No,291-postcard
290,"290 | Postcard","colorful",/images/postcards/290.jpg,No,290-postcard
289,"289 | Postcard","fun",/images/postcards/289.jpg,No,289-postcard
288,"288 | Postcard","breathing",/images/postcards/288.jpg,No,288-postcard
287,"287 | Postcard","breathing",/images/postcards/287.jpg,No,287-postcard
286,"286 | Postcard","fun",/images/postcards/286.jpg,No,286-postcard
285,"285 | Postcard","colorful",/images/postcards/285.jpg,No,285-postcard
284,"284 | Postcard","colorful",/images/postcards/284.jpg,No,284-postcard
283,"283 | Postcard","colorful",/images/postcards/283.jpg,No,283-postcard
282,"282 | Postcard","breathing",/images/postcards/282.jpg,No,282-postcard
281,"281 | Postcard","colorful",/images/postcards/281.jpg,No,281-postcard
280,"280 | Postcard","colorful",/images/postcards/280.jpg,No,280-postcard
279,"279 | Postcard","breathing",/images/postcards/279.jpg,No,279-postcard
278,"278 | Postcard","colorful",/images/postcards/278.jpg,No,278-postcard
277,"277 | Postcard","breathing",/images/postcards/277.jpg,No,277-postcard
276,"276 | Postcard","breathing",/images/postcards/276.jpg,No,276-postcard
275,"275 | Postcard","fun",/images/postcards/275.jpg,No,275-postcard
274,"274 | Postcard","fun",/images/postcards/274.jpg,No,274-postcard
273,"273 | Postcard","breathing",/images/postcards/273.jpg,No,273-postcard
272,"272 | Postcard","fun",/images/postcards/272.jpg,No,272-postcard
271,"271 | Postcard","colorful",/images/postcards/271.jpg,No,271-postcard
270,"270 | Postcard","colorful",/images/postcards/270.jpg,No,270-postcard
269,"269 | Postcard","fun",/images/postcards/269.jpg,No,269-postcard
268,"268 | Postcard","fun",/images/postcards/268.jpg,No,268-postcard
267,"267 | Postcard","fun",/images/postcards/267.jpg,No,267-postcard
266,"266 | Postcard","fun",/images/postcards/266.jpg,No,266-postcard
265,"265 | Postcard","breathing",/images/postcards/265.jpg,No,265-postcard
264,"264 | Postcard","colorful",/images/postcards/264.jpg,No,264-postcard
263,"263 | Postcard","fun",/images/postcards/263.jpg,No,263-postcard
262,"262 | Postcard","fun",/images/postcards/262.jpg,No,262-postcard
261,"261 | Postcard","colorful",/images/postcards/261.jpg,No,261-postcard
260,"260 | Postcard","fun",/images/postcards/260.jpg,No,260-postcard
259,"259 | Postcard","breathing",/images/postcards/259.jpg,No,259-postcard
258,"258 | Postcard","fun",/images/postcards/258.jpg,No,258-postcard
257,"257 | Postcard","colorful",/images/postcards/257.jpg,No,257-postcard
256,"256 | Postcard","fun",/images/postcards/256.jpg,No,256-postcard
255,"255 | Postcard","fun",/images/postcards/255.jpg,No,255-postcard
254,"254 | Postcard","breathing",/images/postcards/254.jpg,No,254-postcard
253,"253 | Postcard","fun",/images/postcards/253.jpg,No,253-postcard
252,"252 | Postcard","fun",/images/postcards/252.jpg,No,252-postcard
251,"251 | Postcard","colorful",/images/postcards/251.jpg,No,251-postcard
250,"250 | Postcard","colorful",/images/postcards/250.jpg,No,250-postcard
249,"249 | Postcard","fun",/images/postcards/249.jpg,No,249-postcard
248,"248 | Postcard","fun",/images/postcards/248.jpg,No,248-postcard
247,"247 | Postcard","breathing",/images/postcards/247.jpg,No,247-postcard
246,"246 | Postcard","breathing",/images/postcards/246.jpg,No,246-postcard
245,"245 | Postcard","colorful",/images/postcards/245.jpg,No,245-postcard
244,"244 | Postcard","colorful",/images/postcards/244.jpg,No,244-postcard
243,"243 | Postcard","breathing",/images/postcards/243.jpg,No,243-postcard
242,"242 | Postcard","breathing",/images/postcards/242.jpg,No,242-postcard
241,"241 | Postcard","colorful",/images/postcards/241.jpg,No,241-postcard
240,"240 | Postcard","colorful",/images/postcards/240.jpg,No,240-postcard
239,"239 | Postcard","fun",/images/postcards/239.jpg,No,239-postcard
238,"238 | Postcard","breathing",/images/postcards/238.jpg,No,238-postcard
237,"237 | Postcard","breathing",/images/postcards/237.jpg,No,237-postcard
236,"236 | Postcard","fun",/images/postcards/236.jpg,No,236-postcard
235,"235 | Postcard","fun",/images/postcards/235.jpg,No,235-postcard
234,"234 | Postcard","colorful",/images/postcards/234.jpg,No,234-postcard
233,"233 | Postcard","colorful",/images/postcards/233.jpg,No,233-postcard
232,"232 | Postcard","colorful",/images/postcards/232.jpg,No,232-postcard
231,"231 | Postcard","breathing",/images/postcards/231.jpg,No,231-postcard
230,"230 | Postcard","colorful",/images/postcards/230.jpg,No,230-postcard
229,"229 | Postcard","breathing",/images/postcards/229.jpg,No,229-postcard
228,"228 | Postcard","colorful",/images/postcards/228.jpg,No,228-postcard
227,"227 | Postcard","fun",/images/postcards/227.jpg,No,227-postcard
226,"226 | Postcard","colorful",/images/postcards/226.jpg,No,226-postcard
225,"225 | Postcard","colorful",/images/postcards/225.jpg,No,225-postcard
224,"224 | Postcard","colorful",/images/postcards/224.jpg,No,224-postcard
223,"223 | Postcard","breathing",/images/postcards/223.jpg,No,223-postcard
222,"222 | Postcard","fun",/images/postcards/222.jpg,No,222-postcard
221,"221 | Postcard","colorful",/images/postcards/221.jpg,No,221-postcard
220,"220 | Postcard","fun",/images/postcards/220.jpg,No,220-postcard
219,"219 | Postcard","breathing",/images/postcards/219.jpg,No,219-postcard
218,"218 | Postcard","fun",/images/postcards/218.jpg,No,218-postcard
217,"217 | Postcard","fun",/images/postcards/217.jpg,No,217-postcard
216,"216 | Postcard","fun",/images/postcards/216.jpg,No,216-postcard
215,"215 | Postcard","fun",/images/postcards/215.jpg,No,215-postcard
214,"214 | Postcard","fun",/images/postcards/214.jpg,No,214-postcard
213,"213 | Postcard","breathing",/images/postcards/213.jpg,No,213-postcard
212,"212 | Postcard","fun",/images/postcards/212.jpg,No,212-postcard
211,"211 | Postcard","fun",/images/postcards/211.jpg,No,211-postcard
210,"210 | Postcard","colorful",/images/postcards/210.jpg,No,210-postcard
209,"209 | Postcard","fun",/images/postcards/209.jpg,No,209-postcard
208,"208 | Postcard","fun",/images/postcards/208.jpg,No,208-postcard
207,"207 | Postcard","fun",/images/postcards/207.jpg,No,207-postcard
206,"206 | Postcard","breathing",/images/postcards/206.jpg,No,206-postcard
205,"205 | Postcard","fun",/images/postcards/205.jpg,No,205-postcard
204,"204 | Postcard","colorful",/images/postcards/204.jpg,No,204-postcard
203,"203 | Postcard","fun",/images/postcards/203.jpg,No,203-postcard
202,"202 | Postcard","breathing",/images/postcards/202.jpg,No,202-postcard
201,"201 | Postcard","fun",/images/postcards/201.jpg,No,201-postcard
200,"200 | Postcard","fun",/images/postcards/200.jpg,No,200-postcard
199,"199 | Postcard","colorful",/images/postcards/199.jpg,No,199-postcard
198,"198 | Postcard","colorful",/images/postcards/198.jpg,No,198-postcard
197,"197 | Postcard","breathing",/images/postcards/197.jpg,No,197-postcard
196,"196 | Postcard","colorful",/images/postcards/196.jpg,No,196-postcard
195,"195 | Postcard","colorful",/images/postcards/195.jpg,No,195-postcard
194,"194 | Postcard","fun",/images/postcards/194.jpg,No,194-postcard
193,"193 | Postcard","colorful",/images/postcards/193.jpg,No,193-postcard
192,"192 | Postcard","breathing",/images/postcards/192.jpeg,No,192-postcard
191,"191 | Postcard","breathing",/images/postcards/191.jpeg,No,191-postcard
190,"190 | Postcard","breathing",/images/postcards/190.jpeg,No,190-postcard
189,"189 | Postcard","fun",/images/postcards/189.jpeg,No,189-postcard
188,"188 | Postcard","colorful",/images/postcards/188.jpg,No,188-postcard
187,"187 | Postcard","breathing",/images/postcards/187.jpg,No,187-postcard
186,"186 | Postcard","colorful",/images/postcards/186.jpg,No,186-postcard
185,"185 | Postcard","colorful",/images/postcards/185.jpg,No,185-postcard
184,"184 | Postcard","fun",/images/postcards/184.jpg,No,184-postcard
183,"183 | Postcard","fun",/images/postcards/183.jpg,No,183-postcard
182,"182 | Postcard","breathing",/images/postcards/182.jpg,No,182-postcard
181,"181 | Postcard","breathing",/images/postcards/181.jpg,No,181-postcard
180,"180 | Postcard","colorful",/images/postcards/180.jpg,No,180-postcard
179,"179 | Postcard","colorful",/images/postcards/179.jpg,No,179-postcard
178,"178 | Postcard","colorful",/images/postcards/178.jpg,No,178-postcard
177,"177 | Postcard","colorful",/images/postcards/177.jpg,No,177-postcard
176,"176 | Postcard","breathing",/images/postcards/0176.jpg,No,176-postcard
175,"175 | Postcard","colorful",/images/postcards/0175.jpg,No,175-postcard
174,"174 | Postcard","breathing",/images/postcards/0174.jpg,No,174-postcard
173,"173 | Postcard","breathing",/images/postcards/0173.jpg,No,173-postcard
172,"172 | Postcard","fun",/images/postcards/0172.jpg,No,172-postcard
171,"171 | Postcard","breathing",/images/postcards/0171.jpg,No,171-postcard
170,"170 | Postcard","breathing",/images/postcards/0170.jpg,No,170-postcard
169,"169 | Postcard","colorful",/images/postcards/0169.jpg,No,169-postcard
168,"168 | Postcard","colorful",/images/postcards/0168.jpg,No,168-postcard
167,"167 | Postcard","breathing",/images/postcards/0167.jpg,No,167-postcard
166,"166 | Postcard","fun",/images/postcards/0166.jpg,No,166-postcard
165,"165 | Postcard","breathing",/images/postcards/0165.jpg,No,165-postcard
164,"164 | Postcard","colorful",/images/postcards/0164.jpg,No,164-postcard
163,"163 | Postcard","colorful",/images/postcards/0163.jpg,No,163-postcard
162,"162 | Postcard","breathing",/images/postcards/0162.jpg,No,162-postcard
161,"161 | Postcard","breathing",/images/postcards/0161.jpg,No,161-postcard
160,"160 | Postcard","colorful",/images/postcards/0160.jpg,No,160-postcard
159,"159 | Postcard","fun",/images/postcards/0159.jpg,No,159-postcard
158,"158 | Postcard","colorful",/images/postcards/0158.jpg,No,158-postcard
157,"157 | Postcard","colorful",/images/postcards/0157.jpg,No,157-postcard
156,"156 | Postcard","breathing",/images/postcards/0156.jpg,No,156-postcard
155,"155 | Postcard","fun",/images/postcards/0155.jpg,No,155-postcard
154,"154 | Postcard","colorful",/images/postcards/0154.jpg,No,154-postcard
153,"153 | Postcard","colorful",/images/postcards/0153.jpg,No,153-postcard
152,"152 | Postcard","fun",/images/postcards/0152.jpg,No,152-postcard
151,"151 | Postcard","fun",/images/postcards/0151.jpg,No,151-postcard
150,"150 | Postcard","colorful",/images/postcards/0150.jpg,No,150-postcard
149,"149 | Postcard","fun",/images/postcards/0149.jpg,No,149-postcard
148,"148 | Postcard","breathing",/images/postcards/0148.jpg,No,148-postcard
147,"147 | Postcard","fun",/images/postcards/0147.jpg,No,147-postcard
146,"146 | Postcard","fun",/images/postcards/0146.jpg,No,146-postcard
145,"145 | Postcard","colorful",/images/postcards/0145.jpg,No,145-postcard
144,"144 | Postcard","fun",/images/postcards/0144.jpg,No,144-postcard
143,"143 | Postcard","colorful",/images/postcards/0143.jpg,No,143-postcard
142,"142 | Postcard","breathing",/images/postcards/0142.jpg,No,142-postcard
141,"141 | Postcard","breathing",/images/postcards/0141.jpg,No,141-postcard
140,"140 | Postcard","fun",/images/postcards/0140.jpg,No,140-postcard
139,"139 | Postcard","fun",/images/postcards/0139.jpg,No,139-postcard
138,"138 | Postcard","colorful",/images/postcards/0138.jpg,No,138-postcard
137,"137 | Postcard","fun",/images/postcards/0137.jpg,No,137-postcard
136,"136 | Postcard","fun",/images/postcards/0136.jpg,No,136-postcard
135,"135 | Postcard","breathing",/images/postcards/0135.jpg,No,135-postcard
134,"134 | Postcard","breathing",/images/postcards/0134.jpg,No,134-postcard
133,"133 | Postcard","fun",/images/postcards/0133.jpg,No,133-postcard
132,"132 | Postcard","breathing",/images/postcards/0132.jpg,No,132-postcard
131,"131 | Postcard","fun",/images/postcards/0131.jpg,No,131-postcard
130,"130 | Postcard","fun",/images/postcards/0130.jpg,No,130-postcard
129,"129 | Postcard","colorful",/images/postcards/0129.jpg,No,129-postcard
128,"128 | Postcard","breathing",/images/postcards/0128.jpg,No,128-postcard
127,"127 | Postcard","breathing",/images/postcards/0127.jpg,No,127-postcard
126,"126 | Postcard","fun",/images/postcards/0126.jpg,No,126-postcard
125,"125 | Postcard","fun",/images/postcards/0125.jpg,No,125-postcard
124,"124 | Postcard","fun",/images/postcards/0124.jpg,No,124-postcard
123,"123 | Postcard","breathing",/images/postcards/0123.jpg,No,123-postcard
122,"122 | Postcard","fun",/images/postcards/0122.jpg,No,122-postcard
121,"121 | Postcard","breathing",/images/postcards/0121.jpeg,No,121-postcard
120,"120 | Postcard","fun",/images/postcards/0120.jpeg,No,120-postcard
119,"119 | Postcard","colorful",/images/postcards/0119.jpeg,No,119-postcard
118,"118 | Postcard","breathing",/images/postcards/0118.jpeg,No,118-postcard
117,"117 | Postcard","colorful",/images/postcards/0117.jpeg,No,117-postcard
116,"116 | Postcard","colorful",/images/postcards/0116.jpeg,No,116-postcard
115,"115 | Postcard","colorful",/images/postcards/0115.jpeg,No,115-postcard
114,"114 | Postcard","fun",/images/postcards/0114.jpeg,No,114-postcard
113,"113 | Postcard","fun",/images/postcards/0113.jpeg,No,113-postcard
112,"112 | Postcard","fun",/images/postcards/0112.jpeg,No,112-postcard
111,"111 | Postcard","colorful",/images/postcards/0111.jpeg,No,111-postcard
110,"110 | Postcard","fun",/images/postcards/0110.jpeg,No,110-postcard
109,"109 | Postcard","colorful",/images/postcards/0109.jpeg,No,109-postcard
108,"108 | Postcard","breathing",/images/postcards/0108.jpeg,No,108-postcard
107,"107 | Postcard","breathing",/images/postcards/0107.jpeg,No,107-postcard
106,"106 | Postcard","colorful",/images/postcards/0106.jpeg,No,106-postcard
105,"105 | Postcard","colorful",/images/postcards/0105.jpeg,No,105-postcard
104,"104 | Postcard","fun",/images/postcards/0104.jpeg,No,104-postcard
103,"103 | Postcard","colorful",/images/postcards/0103.jpeg,No,103-postcard
102,"102 | Postcard","breathing",/images/postcards/0102.jpeg,No,102-postcard
101,"101 | Postcard","colorful",/images/postcards/0101.jpeg,No,101-postcard
100,"100 | Postcard","fun",/images/postcards/0100.jpg,No,100-postcard
99,"99 | Postcard","colorful",/images/postcards/0099.jpg,No,99-postcard
98,"98 | Postcard","fun",/images/postcards/0098.jpg,No,98-postcard
97,"97 | Postcard","fun",/images/postcards/0097.jpg,No,97-postcard
96,"96 | Postcard","colorful",/images/postcards/0096.jpg,No,96-postcard
95,"95 | Postcard","colorful",/images/postcards/0095.jpg,No,95-postcard
94,"94 | Postcard","fun",/images/postcards/0094.jpg,No,94-postcard
93,"93 | Postcard","fun",/images/postcards/0093.jpg,No,93-postcard
92,"92 | Postcard","breathing",/images/postcards/0092.jpg,No,92-postcard
91,"91 | Postcard","colorful",/images/postcards/0091.jpg,No,91-postcard
90,"90 | Postcard","fun",/images/postcards/0090.jpg,No,90-postcard
89,"89 | Postcard","colorful",/images/postcards/0089.jpg,No,89-postcard
88,"88 | Postcard","breathing",/images/postcards/0088.jpg,No,88-postcard
87,"87 | Postcard","fun",/images/postcards/0087.jpg,No,87-postcard
86,"86 | Postcard","colorful",/images/postcards/0086.jpg,No,86-postcard
85,"85 | Postcard","breathing",/images/postcards/0085.jpg,No,85-postcard
84,"84 | Postcard","breathing",/images/postcards/0084.jpg,No,84-postcard
83,"83 | Postcard","fun",/images/postcards/0083.1.jpg,No,83-postcard
82,"82 | Postcard","colorful",/images/postcards/0082.jpg,No,82-postcard
81,"81 | Postcard","fun",/images/postcards/0081.jpg,No,81-postcard
80,"80 | Postcard","fun",/images/postcards/0080.jpg,No,80-postcard
79,"79 | Postcard","breathing",/images/postcards/0079.jpg,No,79-postcard
78,"78 | Postcard","fun",/images/postcards/0078.jpg,No,78-postcard
77,"77 | Postcard","colorful",/images/postcards/0077.jpg,No,77-postcard
76,"76 | Postcard","breathing",/images/postcards/0076.jpg,No,76-postcard
75,"75 | Postcard","fun",/images/postcards/0075.jpeg,No,75-postcard
74,"74 | Postcard","fun",/images/postcards/0074.jpeg,No,74-postcard
73,"73 | Postcard","colorful",/images/postcards/0073.jpeg,No,73-postcard
72,"72 | Postcard","breathing",/images/postcards/0072.jpeg,No,72-postcard
71,"71 | Postcard","colorful",/images/postcards/0071.jpeg,No,71-postcard
70,"70 | Postcard","colorful",/images/postcards/0070.jpeg,No,70-postcard
69,"69 | Postcard","fun",/images/postcards/0069.jpeg,No,69-postcard
68,"68 | Postcard","fun",/images/postcards/0068.jpeg,No,68-postcard
67,"67 | Postcard","fun",/images/postcards/0067.jpeg,No,67-postcard
66,"66 | Postcard","colorful",/images/postcards/0066.jpeg,No,66-postcard
65,"65 | Postcard","colorful",/images/postcards/0065.jpeg,No,65-postcard
64,"64 | Postcard","fun",/images/postcards/0064.jpeg,No,64-postcard
63,"63 | Postcard","colorful",/images/postcards/0063.jpeg,No,63-postcard
62,"62 | Postcard","colorful",/images/postcards/0062.jpeg,No,62-postcard
61,"61 | Postcard","colorful",/images/postcards/0061.jpeg,No,61-postcard
60,"60 | Postcard","breathing",/images/postcards/0060.jpeg,No,60-postcard
59,"59 | Postcard","breathing",/images/postcards/0059.jpeg,No,59-postcard
58,"58 | Postcard","breathing",/images/postcards/0058.jpeg,No,58-postcard
57,"57 | Postcard","breathing",/images/postcards/0057.jpeg,No,57-postcard
56,"56 | Postcard","breathing",/images/postcards/0056.jpeg,No,56-postcard
55,"55 | Postcard","colorful",/images/postcards/0055.jpeg,No,55-postcard
54,"54 | Postcard","colorful",/images/postcards/0054.jpeg,No,54-postcard
53,"53 | Postcard","fun",/images/postcards/0053.jpeg,No,53-postcard
52,"52 | Postcard","fun",/images/postcards/0052.jpeg,No,52-postcard
51,"51 | Postcard","breathing",/images/postcards/0051.jpeg,No,51-postcard
50,"50 | Postcard","colorful",/images/postcards/0050.jpeg,No,50-postcard
49,"49 | Postcard","fun",/images/postcards/0049.jpeg,No,49-postcard
48,"48 | Postcard","colorful",/images/postcards/0048.jpeg,No,48-postcard
47,"47 | Postcard","colorful",/images/postcards/0047.jpeg,No,47-postcard
46,"46 | Postcard","fun",/images/postcards/0046.jpeg,No,46-postcard
45,"45 | Postcard","breathing",/images/postcards/0045.jpeg,No,45-postcard
44,"44 | Postcard","fun",/images/postcards/0044.jpeg,No,44-postcard
43,"43 | Postcard","fun",/images/postcards/0043.jpeg,No,43-postcard
42,"42 | Postcard","fun",/images/postcards/0042.jpg,No,42-postcard
41,"41 | Postcard","breathing",/images/postcards/0041.jpeg,No,41-postcard
40,"40 | Postcard","breathing",/images/postcards/0040.jpeg,No,40-postcard
39,"39 | Postcard","fun",/images/postcards/0039.jpeg,No,39-postcard
38,"38 | Postcard","breathing",/images/postcards/0038.jpeg,No,38-postcard
37,"37 | Postcard","breathing",/images/postcards/0037.jpeg,No,37-postcard
36,"36 | Postcard","colorful",/images/postcards/0036.jpeg,No,36-postcard
35,"35 | Postcard","fun",/images/postcards/0035.jpeg,No,35-postcard
34,"34 | Postcard","fun",/images/postcards/0034.jpeg,No,34-postcard
33,"33 | Postcard","breathing",/images/postcards/0033.jpeg,No,33-postcard
32,"32 | Postcard","fun",/images/postcards/0032.jpeg,No,32-postcard
31,"31 | Postcard","breathing",/images/postcards/0031.jpeg,No,31-postcard
30,"30 | Postcard","colorful",/images/postcards/0030.jpeg,No,30-postcard
29,"29 | Postcard","fun",/images/postcards/0029.jpeg,No,29-postcard
28,"28 | Postcard","fun",/images/postcards/0028.jpeg,No,28-postcard
27,"27 | Postcard","colorful",/images/postcards/0027.jpeg,No,27-postcard
26,"26 | Postcard","colorful",/images/postcards/0026.jpeg,No,26-postcard
25,"25 | Postcard","breathing",/images/postcards/0025.jpeg,No,25-postcard
24,"24 | Postcard","fun",/images/postcards/0024.jpeg,No,24-postcard
23,"23 | Postcard","fun",/images/postcards/0023.jpeg,No,23-postcard
22,"22 | Postcard","breathing",/images/postcards/0022.jpeg,No,22-postcard
21,"21 | Postcard","breathing",/images/postcards/0021.jpeg,No,21-postcard
20,"20 | Postcard","fun",/images/postcards/0020.jpeg,No,20-postcard
19,"19 | Postcard","colorful",/images/postcards/0019.jpeg,No,19-postcard
18,"18 | Postcard","breathing",/images/postcards/0018.jpeg,No,18-postcard
17,"17 | Postcard","breathing",/images/postcards/0017.jpeg,No,17-postcard
16,"16 | Postcard","colorful",/images/postcards/0016.jpeg,No,16-postcard
15,"15 | Postcard","breathing",/images/postcards/0015.jpeg,No,15-postcard
14,"14 | Postcard","colorful",/images/postcards/0014.jpeg,No,14-postcard
13,"13 | Postcard","breathing",/images/postcards/0013.jpeg,No,13-postcard
12,"12 | Postcard","fun",/images/postcards/0012.jpg,No,12-postcard
11,"11 | Postcard","colorful",/images/postcards/0011.jpg,No,11-postcard
10,"10 | Postcard","breathing",/images/postcards/0010.jpg,No,10-postcard
9,"9 | Postcard","fun",/images/postcards/0009.jpg,No,9-postcard
8,"8 | Postcard","fun",/images/postcards/0008.jpg,No,8-postcard
7,"7 | Postcard","colorful",/images/postcards/0007.jpg,No,7-postcard
6,"6 | Postcard","breathing",/images/postcards/0006.jpg,No,6-postcard
5,"5 | Postcard","colorful",/images/postcards/0005.jpg,No,5-postcard
3,"3 | Postcard","fun",/images/postcards/0003.jpg,No,3-postcard
2,"2 | Postcard","colorful",/images/postcards/0002.jpg,No,2-postcard
1,"1 | Postcard","colorful",/images/postcards/0001.jpg,No,1-postcard