draftId,739353896147190060
editing-last-change,1516394345
seo_description,
seo_title,
share_message,
draftId,713069419275232486
editing-last-change,1516394361
seo_description,
seo_title,
share_message,
draftId,936289684978084238
editing-last-change,1742264762
seo_description,
seo_title,
share_message,
draftId,650822728623213906
seo_description,
seo_title,
share_message,
draftId,474313480889527162
editing-last-change,1697281382
seo_description,
seo_title,
share_message,
draftId,622280562312984637
seo_description,
seo_title,
share_message,
draftId,550844673256133039
seo_description,
seo_title,
share_message,
draftId,437087662767025191
seo_description,
seo_title,
share_message,
draftId,307839804264627187
seo_description,
seo_title,
share_message,
draftId,202869288557530190
seo_description,
seo_title,
share_message,
draftId,434686788826611107
seo_description,
seo_title,
share_message,
draftId,534856281331339185
seo_description,
seo_title,
share_message,
draftId,358829731175977734
seo_description,
seo_title,
share_message,
draftId,178812361898222384
seo_description,
seo_title,
share_message,
draftId,469146118947450347
editing-last-change,1675905061
seo_description,
seo_title,
share_message,
draftId,832261047860947206
editing-last-change,1631223216
seo_description,
seo_title,
share_message,
draftId,675853609273708679
editing-last-change,1590617179
seo_description,
seo_title,
share_message,
draftId,853575324284104446
editing-last-change,1780096808
seo_description,
seo_title,
share_message,
draftId,666191907299969508
editing-last-change,1742266500
seo_description,
seo_title,
share_message,
draftId,331069014399647616
seo_description,
seo_title,
share_message,
draftId,429547120474784967
seo_description,
seo_title,
share_message,
draftId,799116216413865283
editing-last-change,1580559960
editing-tags,1
seo_description,
seo_title,
share_message,
draftId,747406345329535893
seo_description,
seo_title,
share_message,
draftId,607780247366824525
editing-last-change,1580555472
seo_description,
seo_title,
share_message,
draftId,228663250837155547
editing-last-change,1590597206
seo_description,
seo_title,
share_message,
draftId,287858192976862379
editing-last-change,1632896013
seo_description,
seo_title,
share_message,
draftId,856800351558525438
editing-last-change,1632890087
seo_description,
seo_title,
share_message,
draftId,932634961791445355
seo_description,
seo_title,
share_message,
draftId,249358106245602985
seo_description,
seo_title,
share_message,
draftId,488999197197475337
seo_description,
seo_title,
share_message,
