migrated,1,108910024550290190
background|published,"{""image"":{""filename"":""1928251627.jpeg"",""url"":""\/uploads\/1\/0\/8\/5\/108592985\/background-images\/1928251627.jpeg""},""position"":""fill"",""is_customized"":true}",181491578639761880
custom_option-full-width,0,181491578639761880
background|saved,"{""image"":{""filename"":""1177546391.jpg"",""url"":""\/uploads\/8\/9\/0\/0\/89009628\/background-images\/1177546391.jpg""},""position"":""fill"",""is_customized"":true}",909203498669091979
background|220149480507402522|published,"{""image"":{""filename"":""1145146689.jpg"",""url"":""\/uploads\/1\/0\/8\/5\/108592985\/background-images\/1145146689.jpg""},""position"":""fill"",""backgroundPosition"":""undefined undefined"",""is_customized"":true}",105424170346016758
background|232342549468951953|published,"{""image"":{""filename"":""1457751933.jpg"",""url"":""\/uploads\/1\/0\/8\/5\/108592985\/background-images\/1457751933.jpg""},""zoom"":0.299999999999999988897769753748434595763683319091796875,""position"":""fill"",""backgroundPosition"":""47.38% 82.93%"",""is_customized"":true}",105424170346016758
background|327635194661961673|published,"{""image"":{""filename"":""1747177755.jpeg"",""url"":""\/uploads\/1\/0\/8\/5\/108592985\/background-images\/1747177755.jpeg""},""position"":""fill"",""backgroundPosition"":""50.00% 100.00%"",""is_customized"":true}",105424170346016758
background|387605680898623657|published,"{""image"":{""filename"":""299458735.jpg"",""url"":""\/uploads\/1\/0\/8\/5\/108592985\/background-images\/299458735.jpg""},""position"":""fill"",""is_customized"":true}",105424170346016758
background|407419483834957598|published,"{""image"":{""filename"":""430636947.jpg"",""url"":""\/uploads\/1\/0\/8\/5\/108592985\/background-images\/430636947.jpg""},""position"":""fill"",""backgroundPosition"":""50.00% 53.37%"",""is_customized"":true}",105424170346016758
background|447838928668145326|published,"{""image"":{""filename"":""1353587518.jpeg"",""url"":""\/uploads\/1\/0\/8\/5\/108592985\/background-images\/1353587518.jpeg""},""position"":""fill"",""backgroundPosition"":""48.60% 27.30%"",""is_customized"":true}",105424170346016758
background|524090646952806538|published,"{""image"":{""filename"":""1787758911.jpeg"",""url"":""\/uploads\/1\/0\/8\/5\/108592985\/background-images\/1787758911.jpeg""},""position"":""fill"",""is_customized"":true}",105424170346016758
background|659412651896720712|published,"{""image"":{""filename"":""1293684864.jpeg"",""url"":""\/uploads\/1\/0\/8\/5\/108592985\/background-images\/1293684864.jpeg""},""position"":""fill"",""is_customized"":true}",105424170346016758
background|749587569454495312|published,"{""image"":{""filename"":""1131084884.jpg"",""url"":""\/uploads\/1\/0\/8\/5\/108592985\/background-images\/1131084884.jpg""},""position"":""fill"",""is_customized"":true}",105424170346016758
background|805260165759689722|published,"{""image"":{""filename"":""1524863870.jpg"",""url"":""\/uploads\/1\/0\/8\/5\/108592985\/background-images\/1524863870.jpg""},""position"":""fill"",""is_customized"":true}",105424170346016758
background|848467123849832779|published,"{""image"":{""filename"":""1180369622.jpg"",""url"":""\/uploads\/1\/0\/8\/5\/108592985\/background-images\/1180369622.jpg""},""position"":""fill"",""is_customized"":true}",105424170346016758
background|878358622625228476|published,"{""image"":{""filename"":""1003537706.jpg"",""url"":""\/uploads\/1\/0\/8\/5\/108592985\/background-images\/1003537706.jpg""},""position"":""fill"",""is_customized"":true}",105424170346016758
background|published,"{""image"":{""filename"":""1325202488.jpg"",""url"":""\/uploads\/1\/0\/8\/5\/108592985\/background-images\/1325202488.jpg""},""position"":""fill"",""is_customized"":true}",105424170346016758
theme_plugin-navpane/forced,1,105424170346016758
migrated,1,382470967768422086
background|published,"{""image"":{""filename"":""204308170.jpeg"",""url"":""\/uploads\/1\/0\/8\/5\/108592985\/background-images\/204308170.jpeg""},""position"":""fill"",""is_customized"":true}",901818448816645918
background|published,"{""image"":{""filename"":""961145962.jpeg"",""url"":""\/uploads\/1\/0\/8\/5\/108592985\/background-images\/961145962.jpeg""},""position"":""fill"",""backgroundPosition"":""41.67% 24.55%"",""is_customized"":true}",116005133769609133
